{
  "uid" : "b1a8273437954620fa374b796ffaacdd",
  "name" : "behaviors",
  "children" : [ {
    "name" : "端口转发模块",
    "children" : [ {
      "name" : "新增一条协议为”TCP&UDP“的端口转发[NOC-8365]",
      "uid" : "534c1d1c3767426b",
      "parentUid" : "0fda3cc4d33942568076fa7db558e76c",
      "status" : "broken",
      "time" : {
        "start" : 1645890195051,
        "stop" : 1645890195051,
        "duration" : 0
      },
      "flaky" : false,
      "newFailed" : false,
      "newPassed" : false,
      "newBroken" : false,
      "retriesCount" : 0,
      "retriesStatusChange" : false,
      "parameters" : [ ]
    }, {
      "name" : "新增一条协议为”TCP“的端口转发[NOC-8366]",
      "uid" : "d154d2e5036c13c4",
      "parentUid" : "0fda3cc4d33942568076fa7db558e76c",
      "status" : "broken",
      "time" : {
        "start" : 1645890213363,
        "stop" : 1645890213363,
        "duration" : 0
      },
      "flaky" : false,
      "newFailed" : false,
      "newPassed" : false,
      "newBroken" : false,
      "retriesCount" : 0,
      "retriesStatusChange" : false,
      "parameters" : [ ]
    }, {
      "name" : "新增一条协议为”UDP“的端口转发[NOC-8367]",
      "uid" : "58c7c8c845e28cb8",
      "parentUid" : "0fda3cc4d33942568076fa7db558e76c",
      "status" : "broken",
      "time" : {
        "start" : 1645890213434,
        "stop" : 1645890213434,
        "duration" : 0
      },
      "flaky" : false,
      "newFailed" : false,
      "newPassed" : false,
      "newBroken" : false,
      "retriesCount" : 0,
      "retriesStatusChange" : false,
      "parameters" : [ ]
    }, {
      "name" : "修改所有的信息能修改成功[NOC-8329]",
      "uid" : "7c7dd86487baffd3",
      "parentUid" : "0fda3cc4d33942568076fa7db558e76c",
      "status" : "broken",
      "time" : {
        "start" : 1645890213473,
        "stop" : 1645890213473,
        "duration" : 0
      },
      "flaky" : false,
      "newFailed" : false,
      "newPassed" : false,
      "newBroken" : false,
      "retriesCount" : 0,
      "retriesStatusChange" : false,
      "parameters" : [ ]
    }, {
      "name" : "端口转发：列表删除按钮，点击有toast提示[NOC-8386]",
      "uid" : "75aa8d6764dc5f93",
      "parentUid" : "0fda3cc4d33942568076fa7db558e76c",
      "status" : "broken",
      "time" : {
        "start" : 1645890213508,
        "stop" : 1645890213508,
        "duration" : 0
      },
      "flaky" : false,
      "newFailed" : false,
      "newPassed" : false,
      "newBroken" : false,
      "retriesCount" : 0,
      "retriesStatusChange" : false,
      "parameters" : [ ]
    } ],
    "uid" : "0fda3cc4d33942568076fa7db558e76c"
  }, {
    "name" : "远程管理模块",
    "children" : [ {
      "name" : "【保存】开关打开时，且当端口号和IP地址格式都正确，点击“保存”后有toast提示【NOC-7391】",
      "uid" : "a0c9bb99355d77e0",
      "parentUid" : "9e24b59b86609b04f5a7f3b7f723029b",
      "status" : "broken",
      "time" : {
        "start" : 1645890213542,
        "stop" : 1645890213542,
        "duration" : 0
      },
      "flaky" : false,
      "newFailed" : false,
      "newPassed" : false,
      "newBroken" : false,
      "retriesCount" : 0,
      "retriesStatusChange" : false,
      "parameters" : [ ]
    }, {
      "name" : "【正确性检查】能正常修改配置，并下发成功【NOC-10087】",
      "uid" : "15a5eafeb52f55ce",
      "parentUid" : "9e24b59b86609b04f5a7f3b7f723029b",
      "status" : "broken",
      "time" : {
        "start" : 1645890213574,
        "stop" : 1645890213574,
        "duration" : 0
      },
      "flaky" : false,
      "newFailed" : false,
      "newPassed" : false,
      "newBroken" : false,
      "retriesCount" : 0,
      "retriesStatusChange" : false,
      "parameters" : [ ]
    } ],
    "uid" : "9e24b59b86609b04f5a7f3b7f723029b"
  }, {
    "name" : "VPN模块",
    "children" : [ {
      "name" : "【正确性检测】新增L2TP VPN成功后，所有的信息配置项正确【NOC-8680】",
      "uid" : "8eec7f9b5db9d6fb",
      "parentUid" : "d16ad429fa9576d6b4f12bd15637ee6d",
      "status" : "broken",
      "time" : {
        "start" : 1645890213603,
        "stop" : 1645890213603,
        "duration" : 0
      },
      "flaky" : false,
      "newFailed" : false,
      "newPassed" : false,
      "newBroken" : false,
      "retriesCount" : 0,
      "retriesStatusChange" : false,
      "parameters" : [ ]
    }, {
      "name" : "【正确性检测】新增PPTP VPN成功后，所有的信息配置项正确【NOC-9252】",
      "uid" : "fe5e9d6a4f3e35af",
      "parentUid" : "d16ad429fa9576d6b4f12bd15637ee6d",
      "status" : "broken",
      "time" : {
        "start" : 1645890213633,
        "stop" : 1645890213633,
        "duration" : 0
      },
      "flaky" : false,
      "newFailed" : false,
      "newPassed" : false,
      "newBroken" : false,
      "retriesCount" : 0,
      "retriesStatusChange" : false,
      "parameters" : [ ]
    }, {
      "name" : "【正确性检测】修改所有的信息能修改成功，并且配置项正确【NOC-9251】（修改刚刚添加的L2TP协议）",
      "uid" : "17f7598f81540158",
      "parentUid" : "d16ad429fa9576d6b4f12bd15637ee6d",
      "status" : "broken",
      "time" : {
        "start" : 1645890213674,
        "stop" : 1645890213674,
        "duration" : 0
      },
      "flaky" : false,
      "newFailed" : false,
      "newPassed" : false,
      "newBroken" : false,
      "retriesCount" : 0,
      "retriesStatusChange" : false,
      "parameters" : [ ]
    }, {
      "name" : "【正确性检测】能正常删除VPN【NOC-8630】",
      "uid" : "ba430be3fffd4e4a",
      "parentUid" : "d16ad429fa9576d6b4f12bd15637ee6d",
      "status" : "broken",
      "time" : {
        "start" : 1645890213703,
        "stop" : 1645890213703,
        "duration" : 0
      },
      "flaky" : false,
      "newFailed" : false,
      "newPassed" : false,
      "newBroken" : false,
      "retriesCount" : 0,
      "retriesStatusChange" : false,
      "parameters" : [ ]
    } ],
    "uid" : "d16ad429fa9576d6b4f12bd15637ee6d"
  } ]
}