{
  "uid" : "98d3104e051c652961429bf95fa0b5d6",
  "name" : "suites",
  "children" : [ {
    "name" : "testcase",
    "children" : [ {
      "name" : "test_port_forwarding",
      "children" : [ {
        "name" : "Test_port_forwarding",
        "children" : [ {
          "name" : "新增一条协议为”TCP&UDP“的端口转发[NOC-8365]",
          "uid" : "534c1d1c3767426b",
          "parentUid" : "9f5ce24a3deca1b76ef6023f4dd43955",
          "status" : "broken",
          "time" : {
            "start" : 1645890195051,
            "stop" : 1645890195051,
            "duration" : 0
          },
          "flaky" : false,
          "newFailed" : false,
          "newPassed" : false,
          "newBroken" : false,
          "retriesCount" : 0,
          "retriesStatusChange" : false,
          "parameters" : [ ]
        }, {
          "name" : "新增一条协议为”TCP“的端口转发[NOC-8366]",
          "uid" : "d154d2e5036c13c4",
          "parentUid" : "9f5ce24a3deca1b76ef6023f4dd43955",
          "status" : "broken",
          "time" : {
            "start" : 1645890213363,
            "stop" : 1645890213363,
            "duration" : 0
          },
          "flaky" : false,
          "newFailed" : false,
          "newPassed" : false,
          "newBroken" : false,
          "retriesCount" : 0,
          "retriesStatusChange" : false,
          "parameters" : [ ]
        }, {
          "name" : "新增一条协议为”UDP“的端口转发[NOC-8367]",
          "uid" : "58c7c8c845e28cb8",
          "parentUid" : "9f5ce24a3deca1b76ef6023f4dd43955",
          "status" : "broken",
          "time" : {
            "start" : 1645890213434,
            "stop" : 1645890213434,
            "duration" : 0
          },
          "flaky" : false,
          "newFailed" : false,
          "newPassed" : false,
          "newBroken" : false,
          "retriesCount" : 0,
          "retriesStatusChange" : false,
          "parameters" : [ ]
        }, {
          "name" : "修改所有的信息能修改成功[NOC-8329]",
          "uid" : "7c7dd86487baffd3",
          "parentUid" : "9f5ce24a3deca1b76ef6023f4dd43955",
          "status" : "broken",
          "time" : {
            "start" : 1645890213473,
            "stop" : 1645890213473,
            "duration" : 0
          },
          "flaky" : false,
          "newFailed" : false,
          "newPassed" : false,
          "newBroken" : false,
          "retriesCount" : 0,
          "retriesStatusChange" : false,
          "parameters" : [ ]
        }, {
          "name" : "端口转发：列表删除按钮，点击有toast提示[NOC-8386]",
          "uid" : "75aa8d6764dc5f93",
          "parentUid" : "9f5ce24a3deca1b76ef6023f4dd43955",
          "status" : "broken",
          "time" : {
            "start" : 1645890213508,
            "stop" : 1645890213508,
            "duration" : 0
          },
          "flaky" : false,
          "newFailed" : false,
          "newPassed" : false,
          "newBroken" : false,
          "retriesCount" : 0,
          "retriesStatusChange" : false,
          "parameters" : [ ]
        } ],
        "uid" : "9f5ce24a3deca1b76ef6023f4dd43955"
      } ],
      "uid" : "a6b4360ddf024dd53029eedfb29c3846"
    }, {
      "name" : "test_remote_management",
      "children" : [ {
        "name" : "Test_remote_management",
        "children" : [ {
          "name" : "【保存】开关打开时，且当端口号和IP地址格式都正确，点击“保存”后有toast提示【NOC-7391】",
          "uid" : "a0c9bb99355d77e0",
          "parentUid" : "2ed05e7c46bf8aa73e089b652bb274bb",
          "status" : "broken",
          "time" : {
            "start" : 1645890213542,
            "stop" : 1645890213542,
            "duration" : 0
          },
          "flaky" : false,
          "newFailed" : false,
          "newPassed" : false,
          "newBroken" : false,
          "retriesCount" : 0,
          "retriesStatusChange" : false,
          "parameters" : [ ]
        }, {
          "name" : "【正确性检查】能正常修改配置，并下发成功【NOC-10087】",
          "uid" : "15a5eafeb52f55ce",
          "parentUid" : "2ed05e7c46bf8aa73e089b652bb274bb",
          "status" : "broken",
          "time" : {
            "start" : 1645890213574,
            "stop" : 1645890213574,
            "duration" : 0
          },
          "flaky" : false,
          "newFailed" : false,
          "newPassed" : false,
          "newBroken" : false,
          "retriesCount" : 0,
          "retriesStatusChange" : false,
          "parameters" : [ ]
        } ],
        "uid" : "2ed05e7c46bf8aa73e089b652bb274bb"
      } ],
      "uid" : "388d262efbdaf8bfc6d2f03672f92a98"
    }, {
      "name" : "test_vpn",
      "children" : [ {
        "name" : "Test_vpn",
        "children" : [ {
          "name" : "【正确性检测】新增L2TP VPN成功后，所有的信息配置项正确【NOC-8680】",
          "uid" : "8eec7f9b5db9d6fb",
          "parentUid" : "159a70af67b78a06f1799591d92961b7",
          "status" : "broken",
          "time" : {
            "start" : 1645890213603,
            "stop" : 1645890213603,
            "duration" : 0
          },
          "flaky" : false,
          "newFailed" : false,
          "newPassed" : false,
          "newBroken" : false,
          "retriesCount" : 0,
          "retriesStatusChange" : false,
          "parameters" : [ ]
        }, {
          "name" : "【正确性检测】新增PPTP VPN成功后，所有的信息配置项正确【NOC-9252】",
          "uid" : "fe5e9d6a4f3e35af",
          "parentUid" : "159a70af67b78a06f1799591d92961b7",
          "status" : "broken",
          "time" : {
            "start" : 1645890213633,
            "stop" : 1645890213633,
            "duration" : 0
          },
          "flaky" : false,
          "newFailed" : false,
          "newPassed" : false,
          "newBroken" : false,
          "retriesCount" : 0,
          "retriesStatusChange" : false,
          "parameters" : [ ]
        }, {
          "name" : "【正确性检测】修改所有的信息能修改成功，并且配置项正确【NOC-9251】（修改刚刚添加的L2TP协议）",
          "uid" : "17f7598f81540158",
          "parentUid" : "159a70af67b78a06f1799591d92961b7",
          "status" : "broken",
          "time" : {
            "start" : 1645890213674,
            "stop" : 1645890213674,
            "duration" : 0
          },
          "flaky" : false,
          "newFailed" : false,
          "newPassed" : false,
          "newBroken" : false,
          "retriesCount" : 0,
          "retriesStatusChange" : false,
          "parameters" : [ ]
        }, {
          "name" : "【正确性检测】能正常删除VPN【NOC-8630】",
          "uid" : "ba430be3fffd4e4a",
          "parentUid" : "159a70af67b78a06f1799591d92961b7",
          "status" : "broken",
          "time" : {
            "start" : 1645890213703,
            "stop" : 1645890213703,
            "duration" : 0
          },
          "flaky" : false,
          "newFailed" : false,
          "newPassed" : false,
          "newBroken" : false,
          "retriesCount" : 0,
          "retriesStatusChange" : false,
          "parameters" : [ ]
        } ],
        "uid" : "159a70af67b78a06f1799591d92961b7"
      } ],
      "uid" : "eca0ea478630ae76404b18764b67c0fb"
    } ],
    "uid" : "7d3977dcbf31acd3e26ecbe96342e45e"
  } ]
}