{
  "total" : 3,
  "items" : [ {
    "uid" : "0fda3cc4d33942568076fa7db558e76c",
    "name" : "端口转发模块",
    "statistic" : {
      "failed" : 0,
      "broken" : 5,
      "skipped" : 0,
      "passed" : 0,
      "unknown" : 0,
      "total" : 5
    }
  }, {
    "uid" : "d16ad429fa9576d6b4f12bd15637ee6d",
    "name" : "VPN模块",
    "statistic" : {
      "failed" : 0,
      "broken" : 4,
      "skipped" : 0,
      "passed" : 0,
      "unknown" : 0,
      "total" : 4
    }
  }, {
    "uid" : "9e24b59b86609b04f5a7f3b7f723029b",
    "name" : "远程管理模块",
    "statistic" : {
      "failed" : 0,
      "broken" : 2,
      "skipped" : 0,
      "passed" : 0,
      "unknown" : 0,
      "total" : 2
    }
  } ]
}