[ {
  "uid" : "58c7c8c845e28cb8",
  "name" : "新增一条协议为”UDP“的端口转发[NOC-8367]",
  "time" : {
    "start" : 1645890213434,
    "stop" : 1645890213434,
    "duration" : 0
  },
  "status" : "broken",
  "severity" : "normal"
}, {
  "uid" : "534c1d1c3767426b",
  "name" : "新增一条协议为”TCP&UDP“的端口转发[NOC-8365]",
  "time" : {
    "start" : 1645890195051,
    "stop" : 1645890195051,
    "duration" : 0
  },
  "status" : "broken",
  "severity" : "normal"
}, {
  "uid" : "fe5e9d6a4f3e35af",
  "name" : "【正确性检测】新增PPTP VPN成功后，所有的信息配置项正确【NOC-9252】",
  "time" : {
    "start" : 1645890213633,
    "stop" : 1645890213633,
    "duration" : 0
  },
  "status" : "broken",
  "severity" : "normal"
}, {
  "uid" : "d154d2e5036c13c4",
  "name" : "新增一条协议为”TCP“的端口转发[NOC-8366]",
  "time" : {
    "start" : 1645890213363,
    "stop" : 1645890213363,
    "duration" : 0
  },
  "status" : "broken",
  "severity" : "normal"
}, {
  "uid" : "75aa8d6764dc5f93",
  "name" : "端口转发：列表删除按钮，点击有toast提示[NOC-8386]",
  "time" : {
    "start" : 1645890213508,
    "stop" : 1645890213508,
    "duration" : 0
  },
  "status" : "broken",
  "severity" : "normal"
}, {
  "uid" : "15a5eafeb52f55ce",
  "name" : "【正确性检查】能正常修改配置，并下发成功【NOC-10087】",
  "time" : {
    "start" : 1645890213574,
    "stop" : 1645890213574,
    "duration" : 0
  },
  "status" : "broken",
  "severity" : "normal"
}, {
  "uid" : "8eec7f9b5db9d6fb",
  "name" : "【正确性检测】新增L2TP VPN成功后，所有的信息配置项正确【NOC-8680】",
  "time" : {
    "start" : 1645890213603,
    "stop" : 1645890213603,
    "duration" : 0
  },
  "status" : "broken",
  "severity" : "normal"
}, {
  "uid" : "a0c9bb99355d77e0",
  "name" : "【保存】开关打开时，且当端口号和IP地址格式都正确，点击“保存”后有toast提示【NOC-7391】",
  "time" : {
    "start" : 1645890213542,
    "stop" : 1645890213542,
    "duration" : 0
  },
  "status" : "broken",
  "severity" : "normal"
}, {
  "uid" : "ba430be3fffd4e4a",
  "name" : "【正确性检测】能正常删除VPN【NOC-8630】",
  "time" : {
    "start" : 1645890213703,
    "stop" : 1645890213703,
    "duration" : 0
  },
  "status" : "broken",
  "severity" : "normal"
}, {
  "uid" : "7c7dd86487baffd3",
  "name" : "修改所有的信息能修改成功[NOC-8329]",
  "time" : {
    "start" : 1645890213473,
    "stop" : 1645890213473,
    "duration" : 0
  },
  "status" : "broken",
  "severity" : "normal"
}, {
  "uid" : "17f7598f81540158",
  "name" : "【正确性检测】修改所有的信息能修改成功，并且配置项正确【NOC-9251】（修改刚刚添加的L2TP协议）",
  "time" : {
    "start" : 1645890213674,
    "stop" : 1645890213674,
    "duration" : 0
  },
  "status" : "broken",
  "severity" : "normal"
} ]