{
  "0a8c04b293745bf4f7d562eac4b20588" : {
    "statistic" : {
      "failed" : 0,
      "broken" : 1,
      "skipped" : 0,
      "passed" : 0,
      "unknown" : 0,
      "total" : 1
    },
    "items" : [ {
      "uid" : "ba430be3fffd4e4a",
      "status" : "broken",
      "statusDetails" : "selenium.common.exceptions.NoSuchWindowException: Message: no such window: target window already closed\nfrom unknown error: web view not found\n  (Session info: chrome=98.0.4758.102)",
      "time" : {
        "start" : 1645890213703,
        "stop" : 1645890213703,
        "duration" : 0
      }
    } ]
  },
  "abd8791486f5c276b81fddb7a6b876d7" : {
    "statistic" : {
      "failed" : 0,
      "broken" : 1,
      "skipped" : 0,
      "passed" : 0,
      "unknown" : 0,
      "total" : 1
    },
    "items" : [ {
      "uid" : "a0c9bb99355d77e0",
      "status" : "broken",
      "statusDetails" : "selenium.common.exceptions.NoSuchWindowException: Message: no such window: target window already closed\nfrom unknown error: web view not found\n  (Session info: chrome=98.0.4758.102)",
      "time" : {
        "start" : 1645890213542,
        "stop" : 1645890213542,
        "duration" : 0
      }
    } ]
  },
  "c847fb88679017dc0c91f4949954893e" : {
    "statistic" : {
      "failed" : 0,
      "broken" : 1,
      "skipped" : 0,
      "passed" : 0,
      "unknown" : 0,
      "total" : 1
    },
    "items" : [ {
      "uid" : "8eec7f9b5db9d6fb",
      "status" : "broken",
      "statusDetails" : "selenium.common.exceptions.NoSuchWindowException: Message: no such window: target window already closed\nfrom unknown error: web view not found\n  (Session info: chrome=98.0.4758.102)",
      "time" : {
        "start" : 1645890213603,
        "stop" : 1645890213603,
        "duration" : 0
      }
    } ]
  },
  "6fb3d4d9bcbada87a44a29f845447df7" : {
    "statistic" : {
      "failed" : 0,
      "broken" : 1,
      "skipped" : 0,
      "passed" : 0,
      "unknown" : 0,
      "total" : 1
    },
    "items" : [ {
      "uid" : "534c1d1c3767426b",
      "status" : "broken",
      "statusDetails" : "selenium.common.exceptions.NoSuchWindowException: Message: no such window: target window already closed\nfrom unknown error: web view not found\n  (Session info: chrome=98.0.4758.102)",
      "time" : {
        "start" : 1645890195051,
        "stop" : 1645890195051,
        "duration" : 0
      }
    } ]
  },
  "a5181fb328e7b57d00c509b225b5c5ae" : {
    "statistic" : {
      "failed" : 0,
      "broken" : 1,
      "skipped" : 0,
      "passed" : 0,
      "unknown" : 0,
      "total" : 1
    },
    "items" : [ {
      "uid" : "75aa8d6764dc5f93",
      "status" : "broken",
      "statusDetails" : "selenium.common.exceptions.NoSuchWindowException: Message: no such window: target window already closed\nfrom unknown error: web view not found\n  (Session info: chrome=98.0.4758.102)",
      "time" : {
        "start" : 1645890213508,
        "stop" : 1645890213508,
        "duration" : 0
      }
    } ]
  },
  "293ff61d33700cc4790036a95c8e1269" : {
    "statistic" : {
      "failed" : 0,
      "broken" : 1,
      "skipped" : 0,
      "passed" : 0,
      "unknown" : 0,
      "total" : 1
    },
    "items" : [ {
      "uid" : "15a5eafeb52f55ce",
      "status" : "broken",
      "statusDetails" : "selenium.common.exceptions.NoSuchWindowException: Message: no such window: target window already closed\nfrom unknown error: web view not found\n  (Session info: chrome=98.0.4758.102)",
      "time" : {
        "start" : 1645890213574,
        "stop" : 1645890213574,
        "duration" : 0
      }
    } ]
  },
  "75e959455b35022e4194757ee547585b" : {
    "statistic" : {
      "failed" : 0,
      "broken" : 1,
      "skipped" : 0,
      "passed" : 0,
      "unknown" : 0,
      "total" : 1
    },
    "items" : [ {
      "uid" : "58c7c8c845e28cb8",
      "status" : "broken",
      "statusDetails" : "selenium.common.exceptions.NoSuchWindowException: Message: no such window: target window already closed\nfrom unknown error: web view not found\n  (Session info: chrome=98.0.4758.102)",
      "time" : {
        "start" : 1645890213434,
        "stop" : 1645890213434,
        "duration" : 0
      }
    } ]
  },
  "68116252ad2ecbabfd458ce0b9bd708c" : {
    "statistic" : {
      "failed" : 0,
      "broken" : 1,
      "skipped" : 0,
      "passed" : 0,
      "unknown" : 0,
      "total" : 1
    },
    "items" : [ {
      "uid" : "17f7598f81540158",
      "status" : "broken",
      "statusDetails" : "selenium.common.exceptions.NoSuchWindowException: Message: no such window: target window already closed\nfrom unknown error: web view not found\n  (Session info: chrome=98.0.4758.102)",
      "time" : {
        "start" : 1645890213674,
        "stop" : 1645890213674,
        "duration" : 0
      }
    } ]
  },
  "ae25e1044a0f3ca05ca0789ac7747018" : {
    "statistic" : {
      "failed" : 0,
      "broken" : 1,
      "skipped" : 0,
      "passed" : 0,
      "unknown" : 0,
      "total" : 1
    },
    "items" : [ {
      "uid" : "7c7dd86487baffd3",
      "status" : "broken",
      "statusDetails" : "selenium.common.exceptions.NoSuchWindowException: Message: no such window: target window already closed\nfrom unknown error: web view not found\n  (Session info: chrome=98.0.4758.102)",
      "time" : {
        "start" : 1645890213473,
        "stop" : 1645890213473,
        "duration" : 0
      }
    } ]
  },
  "b2011b62d5dd81b275709a87392777c7" : {
    "statistic" : {
      "failed" : 0,
      "broken" : 1,
      "skipped" : 0,
      "passed" : 0,
      "unknown" : 0,
      "total" : 1
    },
    "items" : [ {
      "uid" : "d154d2e5036c13c4",
      "status" : "broken",
      "statusDetails" : "selenium.common.exceptions.NoSuchWindowException: Message: no such window: target window already closed\nfrom unknown error: web view not found\n  (Session info: chrome=98.0.4758.102)",
      "time" : {
        "start" : 1645890213363,
        "stop" : 1645890213363,
        "duration" : 0
      }
    } ]
  },
  "65cc3fbc9d8add2fc0dab82a85599c43" : {
    "statistic" : {
      "failed" : 0,
      "broken" : 1,
      "skipped" : 0,
      "passed" : 0,
      "unknown" : 0,
      "total" : 1
    },
    "items" : [ {
      "uid" : "fe5e9d6a4f3e35af",
      "status" : "broken",
      "statusDetails" : "selenium.common.exceptions.NoSuchWindowException: Message: no such window: target window already closed\nfrom unknown error: web view not found\n  (Session info: chrome=98.0.4758.102)",
      "time" : {
        "start" : 1645890213633,
        "stop" : 1645890213633,
        "duration" : 0
      }
    } ]
  }
}